rank,model,cer,wer,cer_wer_ratio,loanword_accuracy,samples_per_second,composite_score,cer_normalized,wer_normalized,loanword_normalized,speed_normalized,ratio_normalized
1,google/gemini-2.5-pro,0.9350359295605216,0.0,0.0,0.88821112246636,0.02382544437031556,0.7658458114389073,0.7271145285972684,0.5,1.0,0.0,0.5
2,qwen/qwen3-max-thinking,0.9149197317059762,0.0,0.0,0.8351963038664623,0.054645592494220616,0.525,1.0,0.5,0.0,1.0,0.5
3,anthropic/claude-sonnet-4.6,0.9886363636363636,0.0,0.0,0.8859436211888946,0.031144513751880397,0.4600301204819281,0.0,0.5,0.9572289156626518,0.23747677500251665,0.5
