{
  "metadata": {
    "dataset": "Korean Culinary ASR Transcripts",
    "num_scenarios": 8,
    "config_file": "config.yaml",
    "models_tested": [
      "anthropic/claude-sonnet-4.6",
      "google/gemini-2.5-pro",
      "qwen/qwen3-max-thinking"
    ]
  },
  "rankings": [
    {
      "rank": 1,
      "model": "anthropic/claude-sonnet-4.6",
      "cer": 0.00552884615384619,
      "wer": 0.025000000000000022,
      "cer_wer_ratio": 0.0,
      "loanword_accuracy": 0.885432634985522,
      "samples_per_second": 0.029228739874238973,
      "composite_score": 1.0,
      "cer_normalized": 1.0,
      "wer_normalized": 1.0,
      "loanword_normalized": 1.0,
      "speed_normalized": 0.08696831615868314,
      "ratio_normalized": 0.5
    },
    {
      "rank": 2,
      "model": "google/gemini-2.5-pro",
      "cer": 0.0658759260960311,
      "wer": 0.15000000000000002,
      "cer_wer_ratio": 0.0,
      "loanword_accuracy": 0.8732541304718106,
      "samples_per_second": 0.026411719944246136,
      "composite_score": 0.28208805443221147,
      "cer_normalized": 0.0017123409803062595,
      "wer_normalized": 0.0,
      "loanword_normalized": 0.8040089086859684,
      "speed_normalized": 0.0,
      "ratio_normalized": 0.5
    },
    {
      "rank": 3,
      "model": "qwen/qwen3-max-thinking",
      "cer": 0.06597943812194185,
      "wer": 0.15000000000000002,
      "cer_wer_ratio": 0.0,
      "loanword_accuracy": 0.8232945835462442,
      "samples_per_second": 0.058803055713618484,
      "composite_score": 0.0,
      "cer_normalized": 0.0,
      "wer_normalized": 0.0,
      "loanword_normalized": 0.0,
      "speed_normalized": 1.0,
      "ratio_normalized": 0.5
    }
  ]
}